produto_id,produto,linha,crescimento_mercado_pct,participacao_empresa_pct,participacao_principal_concorrente_pct,participacao_relativa
P001,Sofa 3 Lugares,Moveis Domesticos,3.73,16.07,9.98,1.611
P002,Mesa de Jantar 6 Lugares,Moveis Domesticos,7.03,5.37,4.08,1.316
P003,Cama Queen,Moveis Domesticos,5.6,16.99,12.46,1.363
P004,Guarda-Roupa 6 Portas,Moveis Domesticos,9.03,22.46,22.07,1.018
P005,Rack para TV,Moveis Domesticos,4.18,7.1,9.9,0.717
P006,Poltrona,Moveis Domesticos,3.07,10.68,9.03,1.182
P007,Escrivaninha,Moveis Domesticos,4.15,5.04,3.71,1.358
P008,Cadeira Ergonomica,Moveis Comerciais,13.23,7.7,9.53,0.808
P009,Mesa de Escritorio,Moveis Comerciais,9.57,5.46,7.06,0.773
P010,Armario Corporativo,Moveis Comerciais,11.99,15.02,10.29,1.459
P011,Balcao de Atendimento,Moveis Comerciais,11.86,18.34,26.53,0.691
P012,Estacao de Trabalho 4P,Moveis Comerciais,12.38,11.78,15.16,0.777
P013,Mesa de Reuniao,Moveis Comerciais,5.55,11.55,13.96,0.827
P014,Projeto Residencial,Servicos sob Demanda,13.03,3.88,2.52,1.539
P015,Projeto Comercial,Servicos sob Demanda,10.34,15.47,18.54,0.834
P016,Projeto Corporativo,Servicos sob Demanda,18.69,16.64,13.68,1.216
P017,Consultoria de Layout,Servicos sob Demanda,18.4,8.47,10.65,0.795
P018,Projeto de Marcenaria,Servicos sob Demanda,17.74,17.85,21.98,0.812
